{"CHESWICK":{"center_lon":-79.8012457196,"center_lat":40.5427922234},"EDGEWORTH":{"center_lon":-80.1921750931,"center_lat":40.5546343952},"SEWICKLEY":{"center_lon":-80.1793173586,"center_lat":40.5399373905},"SEWICKLEY HEIGHTS":{"center_lon":-80.1528050975,"center_lat":40.5595268065},"HARMAR":{"center_lon":-79.8386437203,"center_lat":40.5470151587},"FOX CHAPEL":{"center_lon":-79.8897933243,"center_lat":40.5247142282},"FRANKLIN PARK":{"center_lon":-80.0998508115,"center_lat":40.5902797462},"BELL ACRES":{"center_lon":-80.1737855159,"center_lat":40.5897861426},"LEET":{"center_lon":-80.2037857716,"center_lat":40.5740266866},"LEETSDALE":{"center_lon":-80.2144062328,"center_lat":40.565643399},"SEWICKLEY HILLS":{"center_lon":-80.1271376721,"center_lat":40.5681075283},"OHIO":{"center_lon":-80.0925939311,"center_lat":40.5424610917},"RICHLAND":{"center_lon":-79.9579558983,"center_lat":40.6439839052},"MCCANDLESS":{"center_lon":-80.0283138889,"center_lat":40.5836006983},"HAYSVILLE":{"center_lon":-80.1561512664,"center_lat":40.5269248178},"FRAZER":{"center_lon":-79.796427941,"center_lat":40.6064982622},"FAWN":{"center_lon":-79.7672678602,"center_lat":40.6498803749},"HARRISON":{"center_lon":-79.7172260601,"center_lat":40.6375053295},"TARENTUM":{"center_lon":-79.7601386666,"center_lat":40.6042584751},"GLEN OSBORNE":{"center_lon":-80.1679034089,"center_lat":40.5307797921},"EMSWORTH":{"center_lon":-80.0965625504,"center_lat":40.511236207},"GLENFIELD":{"center_lon":-80.1333428342,"center_lat":40.5207777739},"AVALON":{"center_lon":-80.0680399603,"center_lat":40.5011104217},"MILLVALE":{"center_lon":-79.973603732,"center_lat":40.4817384012},"NEVILLE":{"center_lon":-80.1115003575,"center_lat":40.5063507402},"BEN AVON":{"center_lon":-80.0814998955,"center_lat":40.5058499399},"BEN AVON HEIGHTS":{"center_lon":-80.07309166,"center_lat":40.5125495812},"RESERVE":{"center_lon":-79.9888064246,"center_lat":40.4851089325},"SHALER":{"center_lon":-79.9632440151,"center_lat":40.5228996248},"WILKINSBURG":{"center_lon":-79.8733262577,"center_lat":40.4442180111},"PLUM":{"center_lon":-79.7496201111,"center_lat":40.5024030928},"BRADDOCK HILLS":{"center_lon":-79.8629300408,"center_lat":40.4180179396},"RANKIN":{"center_lon":-79.8812336843,"center_lat":40.4109547003},"SWISSVALE":{"center_lon":-79.8858880724,"center_lat":40.4206184098},"EDGEWOOD":{"center_lon":-79.8839717635,"center_lat":40.4313035044},"WEST VIEW":{"center_lon":-80.0332991519,"center_lat":40.5181642946},"CHURCHILL":{"center_lon":-79.8415980177,"center_lat":40.4388605994},"CHALFANT":{"center_lon":-79.838619697,"center_lat":40.4101018873},"ROSS":{"center_lon":-80.0242499811,"center_lat":40.5256043993},"BRACKENRIDGE":{"center_lon":-79.7410282987,"center_lat":40.6079783215},"SPRINGDALE TP":{"center_lon":-79.7873199535,"center_lat":40.5543554285},"HEIDELBERG":{"center_lon":-80.0921910873,"center_lat":40.3914736101},"ETNA":{"center_lon":-79.947530213,"center_lat":40.4975721132},"VERONA":{"center_lon":-79.8418667483,"center_lat":40.505084742},"PENNSBURY VILLAGE":{"center_lon":-80.1011375574,"center_lat":40.4282747156},"CLAIRTON":{"center_lon":-79.885385351,"center_lat":40.2975931764},"SPRINGDALE BR":{"center_lon":-79.7819010843,"center_lat":40.5408709929},"OAKMONT":{"center_lon":-79.8365600181,"center_lat":40.5200197453},"BLAWNOX":{"center_lon":-79.8599445605,"center_lat":40.4921946551},"PLEASANT HILLS":{"center_lon":-79.9596531779,"center_lat":40.3298323238},"SHARPSBURG":{"center_lon":-79.9248963648,"center_lat":40.4940131921},"WILKINS":{"center_lon":-79.8230205194,"center_lat":40.4264893535},"TURTLE CREEK":{"center_lon":-79.8214685741,"center_lat":40.4085710181},"BRADDOCK":{"center_lon":-79.8689572618,"center_lat":40.401801524},"EAST PITTSBURGH":{"center_lon":-79.8382065416,"center_lat":40.3968768777},"NORTH BRADDOCK":{"center_lon":-79.8533371116,"center_lat":40.4022728227},"WILMERDING":{"center_lon":-79.8100482893,"center_lat":40.3941906756},"WALL":{"center_lon":-79.7856959868,"center_lat":40.3915620093},"VERSAILLES":{"center_lon":-79.8308812655,"center_lat":40.3177239984},"DRAVOSBURG":{"center_lon":-79.8906127754,"center_lat":40.3508573908},"MCKEESPORT":{"center_lon":-79.8440020679,"center_lat":40.341876154},"PORT VUE":{"center_lon":-79.8720244999,"center_lat":40.3370541577},"GLASSPORT":{"center_lon":-79.8862083815,"center_lat":40.3261788906},"DUQUESNE":{"center_lon":-79.8502017524,"center_lat":40.3731849682},"LIBERTY":{"center_lon":-79.8590470355,"center_lat":40.3243177734},"LINCOLN":{"center_lon":-79.855457382,"center_lat":40.299484734},"ELIZABETH TP":{"center_lon":-79.8277463903,"center_lat":40.2637868478},"ELIZABETH BR":{"center_lon":-79.8873670292,"center_lat":40.2713823246},"WEST ELIZABETH":{"center_lon":-79.8951701805,"center_lat":40.2721539007},"SOUTH PARK":{"center_lon":-79.9944572311,"center_lat":40.298811481},"WEST MIFFLIN":{"center_lon":-79.9072730242,"center_lat":40.3580668422},"MOUNT OLIVER":{"center_lon":-79.9856420425,"center_lat":40.4112805537},"WHITAKER":{"center_lon":-79.8864190314,"center_lat":40.4006712445},"HOMESTEAD":{"center_lon":-79.909728261,"center_lat":40.4072815785},"MUNHALL":{"center_lon":-79.9004945306,"center_lat":40.3935914898},"WEST HOMESTEAD":{"center_lon":-79.9185831435,"center_lat":40.3977433764},"GREEN TREE":{"center_lon":-80.0543195574,"center_lat":40.4170650261},"DORMONT":{"center_lon":-80.0377096919,"center_lat":40.3940553152},"BALDWIN TP":{"center_lon":-80.014264895,"center_lat":40.3801309126},"BRENTWOOD":{"center_lon":-79.9757881637,"center_lat":40.3733901063},"BALDWIN BR":{"center_lon":-79.9668752452,"center_lat":40.3690140442},"WHITEHALL":{"center_lon":-79.9897913152,"center_lat":40.3602171932},"MOUNT LEBANON":{"center_lon":-80.0494413347,"center_lat":40.3752498222},"CASTLE SHANNON":{"center_lon":-80.0194413677,"center_lat":40.3664510454},"KENNEDY":{"center_lon":-80.1028319549,"center_lat":40.4767750958},"BRIDGEVILLE":{"center_lon":-80.1061833081,"center_lat":40.3577634325},"UPPER ST. CLAIR":{"center_lon":-80.084127942,"center_lat":40.3336139558},"INGRAM":{"center_lon":-80.0685039411,"center_lat":40.4448305463},"STOWE":{"center_lon":-80.0734004601,"center_lat":40.4829142587},"MCKEES ROCKS":{"center_lon":-80.0630458872,"center_lat":40.4687652366},"THORNBURG":{"center_lon":-80.0840515771,"center_lat":40.434583969},"CRAFTON":{"center_lon":-80.0711401219,"center_lat":40.4333016261},"ROSSLYN FARMS":{"center_lon":-80.0885481682,"center_lat":40.4224271193},"SCOTT":{"center_lon":-80.0791341083,"center_lat":40.3875043541},"CARNEGIE":{"center_lon":-80.0860294112,"center_lat":40.4079964051},"CRESCENT":{"center_lon":-80.2287048835,"center_lat":40.5561964413},"MOON":{"center_lon":-80.2073380906,"center_lat":40.5081596691},"CORAOPOLIS":{"center_lon":-80.1626647575,"center_lat":40.5148455763},"ROBINSON":{"center_lon":-80.1333479648,"center_lat":40.4577747426},"MCDONALD":{"center_lon":-80.2269760957,"center_lat":40.3715903128},"SOUTH FAYETTE":{"center_lon":-80.1617145699,"center_lat":40.3556473663},"NORTH FAYETTE":{"center_lon":-80.2245079685,"center_lat":40.4203757047},"FORWARD":{"center_lon":-79.9021999673,"center_lat":40.2261144012},"SOUTH VERSAILLES":{"center_lon":-79.7951668632,"center_lat":40.3037036538},"WHITE OAK":{"center_lon":-79.8008006548,"center_lat":40.3415530285},"NORTH VERSAILLES":{"center_lon":-79.8084677048,"center_lat":40.3784346571},"BRADFORD WOODS":{"center_lon":-80.0809073585,"center_lat":40.6369423429},"ALEPPO":{"center_lon":-80.1435136794,"center_lat":40.5329671012},"COLLIER":{"center_lon":-80.1321015567,"center_lat":40.3990971611},"HAMPTON":{"center_lon":-79.9533593791,"center_lat":40.5844175984},"PITCAIRN":{"center_lon":-79.7763559261,"center_lat":40.4077733303},"INDIANA":{"center_lon":-79.8736973467,"center_lat":40.572992561},"O'HARA":{"center_lon":-79.8949503818,"center_lat":40.5092024135},"ASPINWALL":{"center_lon":-79.9037339023,"center_lat":40.4928596238},"WEST DEER":{"center_lon":-79.8692864183,"center_lat":40.6350706708},"BELLEVUE":{"center_lon":-80.0549911889,